{
	"settings":
	{
		"surfaceAlbedo":
		{
			"r": 0.11328999698162079,
			"g": 0.11328999698162079,
			"b": 0.11328999698162079,
			"a": 1
		},
		"meanFreePathColor":
		{
			"r": 0.24543729424476624,
			"g": 0.24543729424476624,
			"b": 0.24543729424476624,
			"a": 3.2301476001739502
		},
		"meanFreePathDistance": 0.10000000149011612,
		"worldUnitScale": 0.3333333432674408,
		"bEnableBurley": true,
		"bEnableMeanFreePath": true,
		"tint":
		{
			"r": 1,
			"g": 1,
			"b": 1,
			"a": 1
		},
		"scatterRadius": 0.20000000298023224,
		"subsurfaceColor":
		{
			"r": 1,
			"g": 1,
			"b": 1,
			"a": 1
		},
		"falloffColor":
		{
			"r": 0.125,
			"g": 0.125,
			"b": 0.125,
			"a": 1
		},
		"boundaryColorBleed":
		{
			"r": 0.80208301544189453,
			"g": 0.68103200197219849,
			"b": 0.58485198020935059,
			"a": 1
		},
		"implementation": "SIH_AFIS",
		"extinctionScale": 0.30000001192092896,
		"normalScale": 0.25,
		"scatteringDistribution": 0.93000000715255737,
		"iOR": 1.5499999523162842,
		"roughness0": 0.75,
		"roughness1": 1.2999999523162842,
		"lobeMix": 0.85000002384185791,
		"transmissionTintColor":
		{
			"r": 1,
			"g": 1,
			"b": 1,
			"a": 1
		}
	},
	"guid": "D5D7E6DD5D3739A089F5ED55665506B9"
}