{
	"settings":
	{
		"surfaceAlbedo":
		{
			"r": 0.60416698455810547,
			"g": 0.46243301033973694,
			"b": 0.40592500567436218,
			"a": 1
		},
		"meanFreePathColor":
		{
			"r": 1,
			"g": 0.62303435802459717,
			"b": 0.54906648397445679,
			"a": 7.6089816093444824
		},
		"meanFreePathDistance": 0.10645315051078796,
		"worldUnitScale": 0.3333333432674408,
		"bEnableBurley": true,
		"bEnableMeanFreePath": true,
		"tint":
		{
			"r": 1,
			"g": 1,
			"b": 1,
			"a": 1
		},
		"scatterRadius": 2,
		"subsurfaceColor":
		{
			"r": 1,
			"g": 1,
			"b": 1,
			"a": 1
		},
		"falloffColor":
		{
			"r": 0.91666698455810547,
			"g": 0.47732698917388916,
			"b": 0.48644599318504333,
			"a": 1
		},
		"boundaryColorBleed":
		{
			"r": 0.80208301544189453,
			"g": 0.68103200197219849,
			"b": 0.58485198020935059,
			"a": 1
		},
		"implementation": "SIH_AFIS",
		"extinctionScale": 0.30000001192092896,
		"normalScale": 0.25,
		"scatteringDistribution": 0.93000000715255737,
		"iOR": 1.5499999523162842,
		"roughness0": 0.75,
		"roughness1": 1.2999999523162842,
		"lobeMix": 0.85000002384185791,
		"transmissionTintColor":
		{
			"r": 1,
			"g": 1,
			"b": 1,
			"a": 1
		}
	},
	"guid": "18A87CE890A3305A88AC1F11C41A9261"
}