{
	"settings":
	{
		"surfaceAlbedo":
		{
			"r": 1,
			"g": 1,
			"b": 1,
			"a": 1
		},
		"meanFreePathColor":
		{
			"r": 0.19632270932197571,
			"g": 0.17408260703086853,
			"b": 0.10736383497714996,
			"a": 6
		},
		"meanFreePathDistance": 0.10000000149011612,
		"worldUnitScale": 0.3333333432674408,
		"bEnableBurley": true,
		"bEnableMeanFreePath": true,
		"tint":
		{
			"r": 1,
			"g": 1,
			"b": 1,
			"a": 1
		},
		"scatterRadius": 0.89999997615814209,
		"subsurfaceColor":
		{
			"r": 1,
			"g": 1,
			"b": 1,
			"a": 1
		},
		"falloffColor":
		{
			"r": 0.91666698455810547,
			"g": 0.47732698917388916,
			"b": 0.48644599318504333,
			"a": 1
		},
		"boundaryColorBleed":
		{
			"r": 0.80208301544189453,
			"g": 0.68103200197219849,
			"b": 0.58485198020935059,
			"a": 1
		},
		"implementation": "SIH_AFIS",
		"extinctionScale": 0.019429000094532967,
		"normalScale": 0.0099999997764825821,
		"scatteringDistribution": 0.74733299016952515,
		"iOR": 1.5499999523162842,
		"roughness0": 0.75,
		"roughness1": 1.2999999523162842,
		"lobeMix": 0.85000002384185791,
		"transmissionTintColor":
		{
			"r": 1,
			"g": 1,
			"b": 1,
			"a": 1
		}
	},
	"guid": "EF255BAF875C38D58DA173769882656D"
}