{
	"settings":
	{
		"surfaceAlbedo":
		{
			"r": 0.56157153844833374,
			"g": 0.56157153844833374,
			"b": 0.56157153844833374,
			"a": 1
		},
		"meanFreePathColor":
		{
			"r": 0.079490505158901215,
			"g": 0.079490505158901215,
			"b": 0.079490505158901215,
			"a": 0.60381108522415161
		},
		"meanFreePathDistance": 0.10000000149011612,
		"worldUnitScale": 0.3333333432674408,
		"bEnableBurley": true,
		"bEnableMeanFreePath": true,
		"tint":
		{
			"r": 1,
			"g": 1,
			"b": 1,
			"a": 1
		},
		"scatterRadius": 0.75,
		"subsurfaceColor":
		{
			"r": 1,
			"g": 1,
			"b": 1,
			"a": 1
		},
		"falloffColor":
		{
			"r": 0.61979198455810547,
			"g": 0.61979198455810547,
			"b": 0.61979198455810547,
			"a": 1
		},
		"boundaryColorBleed":
		{
			"r": 0.80208301544189453,
			"g": 0.68103200197219849,
			"b": 0.58485198020935059,
			"a": 1
		},
		"implementation": "SIH_AFIS",
		"extinctionScale": 0.30000001192092896,
		"normalScale": 0.25,
		"scatteringDistribution": 0.93000000715255737,
		"iOR": 1.5499999523162842,
		"roughness0": 0.85000002384185791,
		"roughness1": 1.2999999523162842,
		"lobeMix": 0.85000002384185791,
		"transmissionTintColor":
		{
			"r": 1,
			"g": 1,
			"b": 1,
			"a": 1
		}
	},
	"guid": "350E14EB198F3506AC4B9AF8677BED3F"
}