{
	"settings":
	{
		"surfaceAlbedo":
		{
			"r": 0.60416698455810547,
			"g": 0.46243301033973694,
			"b": 0.40592500567436218,
			"a": 1
		},
		"meanFreePathColor":
		{
			"r": 0.43369805812835693,
			"g": 0.27020880579948425,
			"b": 0.23812904953956604,
			"a": 3.3000001907348633
		},
		"meanFreePathDistance": 0.10000000149011612,
		"worldUnitScale": 0.3333333432674408,
		"bEnableBurley": true,
		"bEnableMeanFreePath": true,
		"tint":
		{
			"r": 1,
			"g": 1,
			"b": 1,
			"a": 1
		},
		"scatterRadius": 0.10000000149011612,
		"subsurfaceColor":
		{
			"r": 1,
			"g": 1,
			"b": 1,
			"a": 1
		},
		"falloffColor":
		{
			"r": 0.91666698455810547,
			"g": 0.47732698917388916,
			"b": 0.48644599318504333,
			"a": 1
		},
		"boundaryColorBleed":
		{
			"r": 0.20833300054073334,
			"g": 0.19279499351978302,
			"b": 0.18211199343204498,
			"a": 1
		},
		"implementation": "SIH_AFIS",
		"extinctionScale": 0.30000001192092896,
		"normalScale": 0.25,
		"scatteringDistribution": 0.93000000715255737,
		"iOR": 1.5499999523162842,
		"roughness0": 0.75,
		"roughness1": 1.2999999523162842,
		"lobeMix": 0.85000002384185791,
		"transmissionTintColor":
		{
			"r": 1,
			"g": 1,
			"b": 1,
			"a": 1
		}
	},
	"guid": "FD6E3CBD65A537FEBBE93782A4E24334"
}