{
	"settings":
	{
		"surfaceAlbedo":
		{
			"r": 0.88187700510025024,
			"g": 0.87147098779678345,
			"b": 0.91057997941970825,
			"a": 1
		},
		"meanFreePathColor":
		{
			"r": 0.15976035594940186,
			"g": 0.12870052456855774,
			"b": 0.095957659184932709,
			"a": 2.1000001430511475
		},
		"meanFreePathDistance": 0.10000000149011612,
		"worldUnitScale": 0.3333333432674408,
		"bEnableBurley": true,
		"bEnableMeanFreePath": true,
		"tint":
		{
			"r": 1,
			"g": 1,
			"b": 1,
			"a": 1
		},
		"scatterRadius": 1,
		"subsurfaceColor":
		{
			"r": 1,
			"g": 1,
			"b": 1,
			"a": 0
		},
		"falloffColor":
		{
			"r": 0.98958301544189453,
			"g": 0.67828398942947388,
			"b": 0.45465001463890076,
			"a": 0
		},
		"boundaryColorBleed":
		{
			"r": 0.55729198455810547,
			"g": 0.37239599227905273,
			"b": 0.20608200132846832,
			"a": 0
		},
		"implementation": "SIH_AFIS",
		"extinctionScale": 1,
		"normalScale": 0.079999998211860657,
		"scatteringDistribution": 0.99000000953674316,
		"iOR": 1.5499999523162842,
		"roughness0": 0.75,
		"roughness1": 1.2999999523162842,
		"lobeMix": 0.85000002384185791,
		"transmissionTintColor":
		{
			"r": 1,
			"g": 1,
			"b": 1,
			"a": 1
		}
	},
	"guid": "B98A510CC53439B9B39EEA5E8E25072D"
}