{
	"settings":
	{
		"surfaceAlbedo":
		{
			"r": 0.609375,
			"g": 0.39427399635314941,
			"b": 0.31738299131393433,
			"a": 1
		},
		"meanFreePathColor":
		{
			"r": 0.25984427332878113,
			"g": 0.080281421542167664,
			"b": 0.037166055291891098,
			"a": 0.93000006675720215
		},
		"meanFreePathDistance": 0.10000000149011612,
		"worldUnitScale": 0.3333333432674408,
		"bEnableBurley": true,
		"bEnableMeanFreePath": true,
		"tint":
		{
			"r": 1,
			"g": 1,
			"b": 1,
			"a": 1
		},
		"scatterRadius": 0.85000002384185791,
		"subsurfaceColor":
		{
			"r": 1,
			"g": 1,
			"b": 1,
			"a": 1
		},
		"falloffColor":
		{
			"r": 0.78645801544189453,
			"g": 0.30311399698257446,
			"b": 0.30311399698257446,
			"a": 1
		},
		"boundaryColorBleed":
		{
			"r": 1,
			"g": 1,
			"b": 1,
			"a": 1
		},
		"implementation": "SIH_AFIS",
		"extinctionScale": 0.93000000715255737,
		"normalScale": 0.090000003576278687,
		"scatteringDistribution": 0.89999997615814209,
		"iOR": 1.6000000238418579,
		"roughness0": 0.73000001907348633,
		"roughness1": 1.3300000429153442,
		"lobeMix": 0.85000002384185791,
		"transmissionTintColor":
		{
			"r": 0.89895802736282349,
			"g": 1,
			"b": 1,
			"a": 1
		}
	},
	"guid": "C59E40F4929C3542994AE41BA4094B1A"
}