{
	"settings":
	{
		"surfaceAlbedo":
		{
			"r": 0.70218998193740845,
			"g": 0.39643585681915283,
			"b": 0.19313125312328339,
			"a": 1
		},
		"meanFreePathColor":
		{
			"r": 0.44390934705734253,
			"g": 0.41464528441429138,
			"b": 0.33858051896095276,
			"a": 3.2301478385925293
		},
		"meanFreePathDistance": 0.10000000149011612,
		"worldUnitScale": 0.3333333432674408,
		"bEnableBurley": true,
		"bEnableMeanFreePath": true,
		"tint":
		{
			"r": 1,
			"g": 0.31958100199699402,
			"b": 0.14000000059604645,
			"a": 1
		},
		"scatterRadius": 1.7999999523162842,
		"subsurfaceColor":
		{
			"r": 1,
			"g": 0.31958100199699402,
			"b": 0.14000000059604645,
			"a": 1
		},
		"falloffColor":
		{
			"r": 0.77499997615814209,
			"g": 0.4375230073928833,
			"b": 0.21312500536441803,
			"a": 1
		},
		"boundaryColorBleed":
		{
			"r": 1,
			"g": 1,
			"b": 1,
			"a": 1
		},
		"implementation": "SIH_AFIS",
		"extinctionScale": 1,
		"normalScale": 0.079999998211860657,
		"scatteringDistribution": 0.93000000715255737,
		"iOR": 1.5499999523162842,
		"roughness0": 0.75,
		"roughness1": 1.2999999523162842,
		"lobeMix": 0.85000002384185791,
		"transmissionTintColor":
		{
			"r": 1,
			"g": 1,
			"b": 1,
			"a": 1
		}
	},
	"guid": "01A11937B61E3E2AAE79535C331F6B07"
}