{
	"settings":
	{
		"surfaceAlbedo":
		{
			"r": 0.9060400128364563,
			"g": 0.33526000380516052,
			"b": 0.27184000611305237,
			"a": 1
		},
		"meanFreePathColor":
		{
			"r": 0.94137656688690186,
			"g": 0.80857956409454346,
			"b": 0.77065783739089966,
			"a": 6.433751106262207
		},
		"meanFreePathDistance": 0.10000000149011612,
		"worldUnitScale": 0.3333333432674408,
		"bEnableBurley": true,
		"bEnableMeanFreePath": true,
		"tint":
		{
			"r": 0.47999998927116394,
			"g": 0.40999999642372131,
			"b": 0.2800000011920929,
			"a": 1
		},
		"scatterRadius": 5.3276190757751465,
		"subsurfaceColor":
		{
			"r": 0.47999998927116394,
			"g": 0.40999999642372131,
			"b": 0.2800000011920929,
			"a": 1
		},
		"falloffColor":
		{
			"r": 1,
			"g": 0.37000000476837158,
			"b": 0.30000001192092896,
			"a": 1
		},
		"boundaryColorBleed":
		{
			"r": 1,
			"g": 1,
			"b": 1,
			"a": 1
		},
		"implementation": "SIH_AFIS",
		"extinctionScale": 0.79257100820541382,
		"normalScale": 0.079999998211860657,
		"scatteringDistribution": 0.93000000715255737,
		"iOR": 1.5499999523162842,
		"roughness0": 1.0142860412597656,
		"roughness1": 1.1714290380477905,
		"lobeMix": 0.67142897844314575,
		"transmissionTintColor":
		{
			"r": 1,
			"g": 1,
			"b": 1,
			"a": 1
		}
	},
	"guid": "13986E6587E632ADA934749017AFC09D"
}