{
	"traceData": [
		{
			"traceType": "Forwards",
			"distance": 300,
			"hitResult":
			{
				"faceIndex": -1,
				"time": 0.12842430174350739,
				"distance": 38.527290344238281,
				"location":
				{
					"x": 1934.8792155308799,
					"y": 1331.140362000335,
					"z": 760.65000717660166
				},
				"impactPoint":
				{
					"x": 1934.8792206692251,
					"y": 1331.1403667176478,
					"z": 760.65000717660166
				},
				"normal":
				{
					"x": -0.99999999999999922,
					"y": -3.4228542950295582e-08,
					"z": 0
				},
				"impactNormal":
				{
					"x": -0.99999999999999922,
					"y": -3.4228542950295582e-08,
					"z": 0
				},
				"traceStart":
				{
					"x": 1896.3553816306242,
					"y": 1331.6564401660862,
					"z": 760.65000717660166
				},
				"traceEnd":
				{
					"x": 2196.328465986549,
					"y": 1327.6379003823786,
					"z": 760.65000717660166
				},
				"penetrationDepth": 0,
				"myItem": -1,
				"item": -1,
				"elementIndex": 0,
				"bBlockingHit": true,
				"bStartPenetrating": false,
				"physMaterial": "None",
				"hitObjectHandle":
				{
					"referenceObject": "None"
				},
				"component": "None",
				"boneName": "None",
				"myBoneName": "None"
			},
			"traceResult": true,
			"traceUniqueId":
			{
				"tagName": "SAS.Traces.Cover.ForwardCoverTrace"
			},
			"overallTraceType":
			{
				"tagName": "SAS.Traces.TraceTypes.LineTrace.ByChannel"
			},
			"radius": 0,
			"halfHeight": 0,
			"usePlayerCapsuleSizeForCapsuleTraces?": false
		}
	],
	"assetBundleData": "",
	"nativeClass": "/Script/Engine.BlueprintGeneratedClass'/Game/SOTS/Blueprints/Components/ModularTraceComponent/Data/PDA_TraceData.PDA_TraceData_C'"
}