{
	"settings":
	{
		"surfaceAlbedo":
		{
			"r": 0.9060400128364563,
			"g": 0.33526000380516052,
			"b": 0.27184000611305237,
			"a": 1
		},
		"meanFreePathColor":
		{
			"r": 1,
			"g": 0.85893309116363525,
			"b": 0.81864988803863525,
			"a": 6.834406852722168
		},
		"meanFreePathDistance": 0.12772701680660248,
		"worldUnitScale": 0.3333333432674408,
		"bEnableBurley": true,
		"bEnableMeanFreePath": true,
		"tint":
		{
			"r": 0.47999998927116394,
			"g": 0.40999999642372131,
			"b": 0.2800000011920929,
			"a": 1
		},
		"scatterRadius": 7.228571891784668,
		"subsurfaceColor":
		{
			"r": 0.47999998927116394,
			"g": 0.40999999642372131,
			"b": 0.2800000011920929,
			"a": 1
		},
		"falloffColor":
		{
			"r": 1,
			"g": 0.37000000476837158,
			"b": 0.30000001192092896,
			"a": 1
		},
		"boundaryColorBleed":
		{
			"r": 1,
			"g": 1,
			"b": 1,
			"a": 1
		},
		"implementation": "SIH_AFIS",
		"extinctionScale": 1,
		"normalScale": 0.079999998211860657,
		"scatteringDistribution": 0.93000000715255737,
		"iOR": 1.5499999523162842,
		"roughness0": 0.80000001192092896,
		"roughness1": 1.2714289426803589,
		"lobeMix": 0.67142897844314575,
		"transmissionTintColor":
		{
			"r": 1,
			"g": 1,
			"b": 1,
			"a": 1
		}
	},
	"guid": "CC98FC6DC2AD3B2084812AEF700CA4C6"
}