{
	"settings":
	{
		"surfaceAlbedo":
		{
			"r": 0.66595000028610229,
			"g": 0.279366135597229,
			"b": 0.27300694584846497,
			"a": 1
		},
		"meanFreePathColor":
		{
			"r": 0.43795371055603027,
			"g": 0.38992312550544739,
			"b": 0.38739988207817078,
			"a": 3.2301478385925293
		},
		"meanFreePathDistance": 0.10000000149011612,
		"worldUnitScale": 0.3333333432674408,
		"bEnableBurley": true,
		"bEnableMeanFreePath": true,
		"tint":
		{
			"r": 0.80000001192092896,
			"g": 0.78178101778030396,
			"b": 0.74877500534057617,
			"a": 0
		},
		"scatterRadius": 2,
		"subsurfaceColor":
		{
			"r": 0.80000001192092896,
			"g": 0.78178101778030396,
			"b": 0.74877500534057617,
			"a": 0
		},
		"falloffColor":
		{
			"r": 0.73500001430511475,
			"g": 0.3083069920539856,
			"b": 0.30128800868988037,
			"a": 0
		},
		"boundaryColorBleed":
		{
			"r": 1,
			"g": 1,
			"b": 1,
			"a": 1
		},
		"implementation": "SIH_AFIS",
		"extinctionScale": 1,
		"normalScale": 0.079999998211860657,
		"scatteringDistribution": 0.93000000715255737,
		"iOR": 1.5499999523162842,
		"roughness0": 0.75,
		"roughness1": 1.2999999523162842,
		"lobeMix": 0.85000002384185791,
		"transmissionTintColor":
		{
			"r": 1,
			"g": 1,
			"b": 1,
			"a": 1
		}
	},
	"guid": "700DBACF7D7A35B59167FF2F38D50FAB"
}