{
	"settings":
	{
		"bBypassEarlyReflections": false,
		"reflectionsDelay": 0.10000000149011612,
		"gainHF": 0.18680199980735779,
		"reflectionsGain": 0.36319899559020996,
		"bBypassLateReflections": false,
		"lateDelay": 0.10000000149011612,
		"decayTime": 0.80000001192092896,
		"density": 0.37920001149177551,
		"diffusion": 0.32120200991630554,
		"airAbsorptionGainHF": 0.59039998054504395,
		"decayHFRatio": 0.51080000400543213,
		"lateGain": 0.56800001859664917,
		"gain": 0.40000000596046448,
		"wetLevel": 0.10999999940395355,
		"dryLevel": 0,
		"bBypass": false
	}
}